{"cameraMode":{"drawMode":0,"name":"Shaded","section":"Shading Mode"},"sceneLighting":false,"audioPlay":false,"sceneViewState":{"m_AlwaysRefresh":false,"showFog":false,"showSkybox":false,"showFlares":false,"showImageEffects":false,"showParticleSystems":false,"showVisualEffectGraphs":true,"m_FxEnabled":true},"in2DMode":false,"pivot":{"x":0.009573683142662049,"y":1.275374174118042,"z":0.36572396755218508},"rotation":{"x":0.3426646888256073,"y":-0.01691330224275589,"z":0.006169525906443596,"w":0.9392908811569214},"size":0.8660253882408142,"orthographic":false}